<?xml version="1.0" encoding="UTF-8"?>
<!DOCTYPE mapper PUBLIC "-//mybatis.org//DTD Mapper 3.0//EN"
				"http://mybatis.org/dtd/mybatis-3-mapper.dtd">

<mapper namespace="com.gt.s.kos.draft.dao.GtDraftDAO">
	
	<insert id="draftInsert" parameterType="gtdraftvo">
		
		INSERT INTO GOAT_DRAFT(
								 GDRNUM
								,GDRSUBJECT
								,GDRMEMO
								,GDRFILE
								,GDRSIGN
								,GDRCONTRACT
								,DELETEYN
								,INSERTDATE
								,UPDATEDATE
								,GENUM
								,WRITER
								,REFERENCE
								,APPROVER
								,DEPT
								,PROVAL
								,COUNT
							  )
						 VALUES(
								 #{gdrnum, jdbcType=VARCHAR}
								,#{gdrsubject, jdbcType=VARCHAR}
								,#{gdrmemo, jdbcType=VARCHAR}
								,#{gdrfile, jdbcType=VARCHAR}
								,#{gdrsign, jdbcType=VARCHAR}
								,#{gdrcontract, jdbcType=VARCHAR}
								,'Y'
								,TO_CHAR(TO_DATE(SYSDATE), 'YYYY-MM-DD') 
								,TO_CHAR(TO_DATE(SYSDATE), 'YYYY-MM-DD') 
								,#{genum, jdbcType=VARCHAR}
								,#{writer, jdbcType=VARCHAR}
								,#{reference, jdbcType=VARCHAR}
								,#{approver, jdbcType=VARCHAR}
								,#{dept, jdbcType=VARCHAR}
								,#{proval, jdbcType=VARCHAR}
								,#{count, jdbcType=VARCHAR}					 
						 		)
							
	</insert>
	
	<update id="draftInsertFile" parameterType="gtdraftvo">
	
		UPDATE GOAT_DRAFT
			<choose>
				<when test="gdrfile == null">
				SET GDRFILE = '-'
				</when>
				<otherwise>
				SET GDRFILE = #{gdrfile}
			</otherwise>
			</choose> 
			WHERE GDRNUM = #{gdrnum}
			
	</update>
	
	<select id="draftAppSelectAll" resultType="gtapprovallinevo" parameterType="gtapprovallinevo">
	
		SELECT GDRNUM	APPNUM, GDRSUBJECT	SUBJECT, 
		GDRMEMO, GDRFILE, GDRSIGN, 
		GDRCONTRACT, DELETEYN, 
		TO_CHAR(INSERTDATE, 'YYYY-MM-DD')	"DATE", 
		TO_CHAR(UPDATEDATE, 'YYYY-MM-DD')	UPDATEDATE, 
		GENUM, WRITER, REFERENCE, 
		APPROVER, DEPT, 
		PROVAL, COUNT
		FROM GOAT_DRAFT
		WHERE DELETEYN = 'Y'
   		<if test="app=='app'">
	     	<![CDATA[AND APPROVER LIKE '%' || #{gename} || '%']]>
	   </if>
	   <if test="app=='napp'">
	      AND COUNT &lt; 0       
	      <![CDATA[AND WRITER LIKE '%' || #{gename} || '%']]>  
	   </if>
	   <if test="app=='prog'">
	      <![CDATA[AND WRITER LIKE '%' || #{gename} || '%']]>        
	   </if>
   	   <if test="app=='ref'">
	      <![CDATA[AND REFERENCE LIKE '%' || #{gename} || '%']]>         
	   </if>
		ORDER BY 1
	</select>
	
</mapper>