<?xml version="1.0" encoding="UTF-8"?>
<!DOCTYPE mapper PUBLIC "-//mybatis.org//DTD Mapper 3.0//EN"
				"http://mybatis.org/dtd/mybatis-3-mapper.dtd">
	
	<mapper namespace="com.gt.s.kos.resignation.dao.GtResignationDAO">
	
		<insert id="gtResignationInsert" parameterType="gtresignationvo">
			
			INSERT INTO GOAT_RESIGNATION 
					(
					 GRNUM
					
					,INSERTDATE
					,UPDATEDATE
					,DELETEYN				
					) 
			VALUES
					(
					 #{grnum}			
					,SYSDATE
					,SYSDATE
					,'Y'
			
					)		
		</insert>
		
		<update id="gtResignationInsertFile" parameterType="gtresignationvo">
			
			UPDATE 		GOAT_RESIGNATION
			SET 		GRFILE = #{grfile}
			WHERE 		1=1
			AND 		GRNUM = #{grnum}
			
		</update>
		
		<select id="gtResignationAppSelectAll" resultType="gtapprovallinevo" parameterType="gtapprovallinevo">
		
			SELECT GRNUM	APPNUM, GRSTARTDATE, GRENDDATE, 
			GRSUBJECT	SUBJECT, GRMEMO, GRFILE, 
			TO_CHAR(INSERTDATE, 'YYYY-MM-DD')	"DATE", 
			TO_CHAR(UPDATEDATE, 'YYYY-MM-DD')	UPDATEDATE, 
			DELETEYN, GENUM, WRITER, 
			REFERENCE, APPROVER, DEPT, 
			PROVAL, COUNT
			FROM GOAT_RESIGNATION
			WHERE DELETEYN = 'Y'
	   		<if test="app=='app'">
		     	<![CDATA[AND APPROVER LIKE '%' || #{gename} || '%']]>
		   </if>
		   <if test="app=='napp'">
		      AND COUNT &lt; 0       
		      <![CDATA[AND WRITER LIKE '%' || #{gename} || '%']]>  
		   </if>
		   <if test="app=='prog'">
		      <![CDATA[AND WRITER LIKE '%' || #{gename} || '%']]>        
		   </if>
	   	   <if test="app=='ref'">
		      <![CDATA[AND REFERENCE LIKE '%' || #{gename} || '%']]>         
		   </if>
			ORDER BY 1
		</select>
		
		<select id="gtResignationSelect" parameterType="gtresignationvo" resultType="gtresignationvo">
		
			SELECT GRNUM, GRSTARTDATE, GRENDDATE, 
				GRSUBJECT, GRMEMO, GRFILE, 
				TO_CHAR(INSERTDATE, 'YYYY-MM-DD')	INSERTDATE, 
				TO_CHAR(UPDATEDATE, 'YYYY-MM-DD')	UPDATEDATE, 
				DELETEYN, GENUM, WRITER, 
				REFERENCE, APPROVER, DEPT, 
				PROVAL, COUNT
			FROM GOAT_RESIGNATION
			WHERE DELETEYN = 'Y'
			AND GRNUM = #{grnum}
		
		</select>

	</mapper>