<?xml version="1.0" encoding="UTF-8"?>
<!DOCTYPE mapper PUBLIC "-//mybatis.org//DTD Mapper 3.0//EN" 
          "http://mybatis.org/dtd/mybatis-3-mapper.dtd">

<mapper namespace="com.gt.s.kos.vacation.dao.GtVacationDAO">

	<insert id="gtVacationInsert" parameterType="gtvacationvo">
	
		INSERT INTO GOAT_VACATION(GVNUM, GVTYPE, GVREASONS, GVSTARTDATE, 
									GVENDDATE, GVSUBJECT, GVMEMO , GVDAYS,	 
									INSERTDATE, UPDATEDATE, DELETEYN, GENUM,
									WRITER, GEHP, REFERENCE, APPROVER, 
									DEPT, PROVAL, COUNT, DECIANOTHER
									)
						VALUES(
						#{gvnum, jdbcType=VARCHAR},
						#{gvtype, jdbcType=VARCHAR},
						#{gvreasons, jdbcType=VARCHAR},
						#{gvstartdate, jdbcType=VARCHAR},
						#{gvenddate, jdbcType=VARCHAR},
						#{gvsubject, jdbcType=VARCHAR},
						#{gvdays, jdbcType=VARCHAR},
						#{gvmemo, jdbcType=VARCHAR},
						SYSDATE,
						SYSDATE,
						'Y',
						#{genum, jdbcType=VARCHAR},
						#{writer, jdbcType=VARCHAR},
						#{gehp, jdbcType=VARCHAR},
						#{reference, jdbcType=VARCHAR},
						#{approver, jdbcType=VARCHAR},
						#{dept, jdbcType=VARCHAR},
						#{proval, jdbcType=VARCHAR},
						#{count, jdbcType=VARCHAR}
						#{edcianother, jdbcType=VARCHAR}
						)
	</insert> 
	
	<update id="gtVacationInsertFile" parameterType="gtvacationvo">
		UPDATE GOAT_VACATION
		<choose>
			<when test="gvfile == null">
				SET GVFILE = '-'
			</when>
			<otherwise>
				SET GVFILE = #{gvfile}
			</otherwise>
		</choose>	
		WHERE GVNUM = #{gvnum}
		
	</update>
	
	<select id="gtVacationAppSelectAll" resultType="gtapprovallinevo" parameterType="gtapprovallinevo">
		SELECT 
			GVNUM	APPNUM, GVTYPE, GVREASONS, 
			GVSTARTDATE, GVENDDATE, GVSUBJECT	SUBJECT, 
			GVMEMO, GVDAYS, 
			TO_CHAR(INSERTDATE, 'YYYY-MM-DD')	"DATE", 
			TO_CHAR(UPDATEDATE, 'YYYY-MM-DD')	UPDATEDATE, 
			DELETEYN, GENUM, GEHP, 
			APPROVER, DEPT, REFERENCE, 
			DECIANOTHER, COUNT, WRITER
		FROM GOAT_VACATION
		WHERE DELETEYN = 'Y'
   		<if test="app=='app'">
	     	<![CDATA[AND APPROVER LIKE '%' || #{gename} || '%']]>
	   </if>
	   <if test="app=='napp'">
	      AND COUNT &lt; 0       
	      <![CDATA[AND WRITER LIKE '%' || #{gename} || '%']]>  
	   </if>
	   <if test="app=='prog'">
	      <![CDATA[AND WRITER LIKE '%' || #{gename} || '%']]>        
	   </if>
   	   <if test="app=='ref'">
	      <![CDATA[AND REFERENCE LIKE '%' || #{gename} || '%']]>         
	   </if>
		ORDER BY 1
	</select>
	
	<select  id="gtDeciVacationSelect" parameterType="gtapprovallinevo" resultType="gtapprovallinevo">
	
		SELECT 
			WRITER
		FROM GOAT_VACATION
		WHERE DELETEYN = 'Y'
		<![CDATA[AND DECIANOTHER LIKE '%' || #{gename} || '%']]>
		<![CDATA[AND TO_CHAR(GVSTARTDATE, 'YYYY-MM-DD') <= TO_CHAR(SYSDATE, 'YYYY-MM-DD')]]>
		<![CDATA[AND TO_CHAR(SYSDATE, 'YYYY-MM-DD') <= TO_CHAR(GVENDDATE, 'YYYY-MM-DD')]]>
	
	</select>
	
	<select id="gtVacationSelect" parameterType="gtvacationvo" resultType="gtvacationvo">
		SELECT A.GVNUM 			AS GVNUM
			  ,A.GVTYPE 		AS GVTYPE
			  ,A.GENUM			AS GENUM
		      ,A.WRITER			AS WRITER 
			  ,TO_CHAR(A.INSERTDATE, 'YYYY-MM-DD')  AS INSERTDATE
			  ,TO_CHAR(A.GVSTARTDATE, 'YYYY-MM-DD') AS GVSTARTDATE
			  ,TO_CHAR(A.GVENDDATE, 'YYYY-MM-DD')   AS GVENDDATE
			  ,A.GVDAYS	   		AS GVDAYS
			  ,A.GVMEMO			AS GVMEMO
	
				FROM GOAT_VACATION A
				WHERE DELETEYN = 'Y'
				AND   GVNUM = #{gvnum}
	
	</select>
	
</mapper>