<?xml version="1.0" encoding="UTF-8"?>
<beans xmlns="http://www.springframework.org/schema/beans"
	xmlns:xsi="http://www.w3.org/2001/XMLSchema-instance"
	xmlns:context="http://www.springframework.org/schema/context"
	xmlns:task="http://www.springframework.org/schema/task"
	xsi:schemaLocation="http://www.springframework.org/schema/beans 
						https://www.springframework.org/schema/beans/spring-beans.xsd
						http://www.springframework.org/schema/context 
						http://www.springframework.org/schema/context/spring-context.xsd
						http://www.springframework.org/schema/tx 
						http://www.springframework.org/schema/tx/spring-tx.xsd
						http://www.springframework.org/schema/task 
						http://www.springframework.org/schema/task/spring-task.xsd"
						>
	
	<!-- Root Context: defines shared resources visible to all other web components -->
	<!-- Root Context: defines shared resources visible to all other web components -->
	
	<task:annotation-driven/>
	
	<context:component-scan base-package="com.gt.s.quartz"/>
	
	<bean id="dataSource" class="org.springframework.jndi.JndiObjectFactoryBean">
		<property name="jndiName" value="java:comp/env/jdbc/jndi_spring_orclLSB00"></property>
	</bean>
	
	<!-- 마이바티스 쿼리문 찾아서 연결하기  -->
	<bean id="sqlSessionFactory" class="org.mybatis.spring.SqlSessionFactoryBean">
		<property name="dataSource" ref="dataSource"></property>		
		<property name="configLocation" value="classpath:/mybatisconfig/mybatis-config.xml"></property>		
		<property name="mapperLocations" value="classpath:/mybatisquery/*.xml"></property>				
	</bean>
		
	<bean id="transactionManager" 
	      class="org.springframework.jdbc.datasource.DataSourceTransactionManager">
			<property name="dataSource" ref="dataSource"></property>
	</bean>
		
	<bean class="org.mybatis.spring.mapper.MapperScannerConfigurer">
		<property name="basePackage"><value>com.gt.s.**.dao</value></property>
	</bean>
	
</beans>
